n_timesteps,n_epochs,RMSETest,EnergyScoreTest,CRPSTest,Gaussian NLLTest,CoverageTest,QICETest
100,1000,0.06903636,0.03866818,0.03838727,-1.17438455,0.83627455,0.02967909
100,5000,0.08243364,0.05622091,0.05613364,12.32912182,0.29814727,0.11879545
50,1000,0.06862545,0.03838727,0.03810182,-1.19093727,0.84337636,0.02823091
50,5000,0.08306091,0.05995545,0.05991182,60.04400818,0.15329091,0.13970818
500,1000,0.06918273,0.03873182,0.03844,-1.17987364,0.8446,0.02627818
500,5000,0.07191364,0.04166727,0.04143182,-0.66746091,0.74358909,0.04858
