backbone,x_T_sampling_method,distributional_method,RMSETest,EnergyScoreTest,CRPSTest,Gaussian NLLTest,CoverageTest,QICETest
CARD,CARD,deterministic,0.00015636,8.727e-05,8.636e-05,-5.39526,0.60497,0.07953273
CARD,CARD,mixednormal,0.00013545,6.364e-05,6.364e-05,-7.80802091,0.92128364,0.02361273
CARD,CARD,normal,0.00013727,6.273e-05,6.273e-05,-7.79095,0.91374,0.02400636
CARD,CARD,sample,0.00013364,6.182e-05,5.909e-05,-7.82642182,0.92516818,0.02243455
