,deterministic,deterministic,normal,normal
Statistic,Mean,Std,Mean,Std
t_training,6.543039798736572,0.14088591933250427,7.087480068206787,0.1489521861076355
RMSETest,0.5450000166893005,0.051766786724328995,0.4410000145435333,0.05577812343835831
EnergyScoreTest,5.576999664306641,0.493440717458725,5.971999645233154,0.6220622658729553
CRPSTest,0.22199998795986176,0.017564166337251663,0.2460000067949295,0.02457640878856182
Gaussian NLLTest,-4.093780040740967,0.14144910871982574,-3.830709934234619,0.10588943213224411
CoverageTest,0.8648399710655212,0.05062216520309448,0.9997400045394897,8.758687908994034e-05
