backbone,x_T_sampling_method,distributional_method,RMSETest,EnergyScoreTest,CRPSTest,Gaussian NLLTest,CoverageTest,QICETest
CARD,CARD,deterministic,0.06867667,0.038755,0.03848167,-1.11609,0.82265,0.03284417
CARD,CARD,mixednormal,0.06922,0.03895545,0.03867636,-1.13862364,0.83172364,0.03103364
CARD,CARD,normal,0.06912455,0.03888182,0.03860182,-1.14076818,0.83549545,0.03089636
CARD,CARD,sample,0.06857091,0.03843364,0.03815,-1.19123545,0.84515364,0.02750727
