n_timesteps,n_epochs,RMSETest,EnergyScoreTest,CRPSTest,Gaussian NLLTest,CoverageTest,QICETest
100,1000,0.00013455,7.091e-05,7.091e-05,7.03505091,0.42040545,0.10517909
100,5000,0.00011091,6e-05,6e-05,7.26753909,0.35715818,0.11142909
50,1000,0.00013455,7.273e-05,7.273e-05,12.43475091,0.34900636,0.11168727
50,5000,9.636e-05,5.545e-05,5.545e-05,24.98589455,0.25680182,0.12625636
500,1000,0.00013545,7.182e-05,7.182e-05,1.38466182,0.51840455,0.09291091
500,5000,0.00012909,6.636e-05,6.636e-05,-2.71616273,0.50011364,0.09216455
